Gene_set,Term,Overlap,P-value,Adjusted P-value,Old P-value,Old Adjusted P-value,Odds Ratio,Combined Score,Genes
GO_Biological_Process_2021,microtubule cytoskeleton organization involved in mitosis (GO:1902850),19/128,5.820020488248247e-28,2.3454682567640438e-25,0,0,86.42385321100917,5419.733070797417,STIL;BUB1B;TTK;KNL1;KIF11;WDR62;AURKB;AURKA;SGO1;CENPE;CENPF;CENPI;KIF4A;CENPK;TACC3;NUSAP1;BUB1;DLGAP5;SPC25
GO_Biological_Process_2021,mitotic spindle organization (GO:0007052),19/157,3.496268103676958e-26,7.044980228909071e-24,0,0,68.1625,3995.3801280468074,STIL;BUB1B;TTK;KNL1;KIF11;WDR62;AURKB;AURKA;SGO1;CENPE;TPX2;CENPF;CENPI;PRC1;KIF4A;CENPK;BUB1;DLGAP5;SPC25
GO_Biological_Process_2021,mitotic sister chromatid segregation (GO:0000070),11/102,7.967874746006834e-15,1.070351174213585e-12,0,0,49.98855311355312,1622.7963253394655,SGO1;CENPE;KIF18B;PRC1;CENPK;KIF14;NUSAP1;NCAPG;NCAPH;CEP55;DLGAP5
GO_Biological_Process_2021,centromere complex assembly (GO:0034508),6/37,1.0987940436654647e-09,1.1070349989929557e-07,0,0,72.7084601339014,1499.906647293785,CENPE;CENPF;CENPI;CENPK;KNL1;DLGAP5
GO_Biological_Process_2021,sister chromatid segregation (GO:0000819),5/34,4.8954212638856585e-08,3.94570953869184e-06,0,0,63.57598978288633,1070.1352450717577,TOP2A;SGO1;KIF18B;CENPK;NUSAP1
GO_Biological_Process_2021,mitotic nuclear division (GO:0140014),6/74,8.049748948695708e-08,5.406748043873951e-06,0,0,33.08490566037736,540.4432520485494,SGO1;TPX2;KIF18B;CENPK;NUSAP1;KIF11
GO_Biological_Process_2021,regulation of cell cycle G2/M phase transition (GO:1902749),6/85,1.853520264478038e-07,9.410760138779584e-06,0,0,28.46238356818725,441.1956631210583,TPX2;CENPF;KIF14;HMMR;GTSE1;AURKA
GO_Biological_Process_2021,mitotic spindle assembly (GO:0090307),5/44,1.8681409704773364e-07,9.410760138779584e-06,0,0,47.25071225071225,732.0624598266652,TPX2;PRC1;KIF4A;KIF11;AURKB
GO_Biological_Process_2021,spindle assembly checkpoint signaling (GO:0071173),4/21,3.936540862062813e-07,1.4422054249193755e-05,0,0,85.23636363636363,1257.0482697456207,CENPF;BUB1B;TTK;BUB1
GO_Biological_Process_2021,mitotic spindle assembly checkpoint signaling (GO:0007094),4/21,3.936540862062813e-07,1.4422054249193755e-05,0,0,85.23636363636363,1257.0482697456207,CENPF;BUB1B;TTK;BUB1
GO_Biological_Process_2021,mitotic spindle checkpoint signaling (GO:0071174),4/21,3.936540862062813e-07,1.4422054249193755e-05,0,0,85.23636363636363,1257.0482697456207,CENPF;BUB1B;TTK;BUB1
GO_Biological_Process_2021,negative regulation of mitotic metaphase/anaphase transition (GO:0045841),4/22,4.800762978966761e-07,1.5022380371633789e-05,0,0,80.4969696969697,1171.176234882971,CENPF;BUB1B;TTK;BUB1
GO_Biological_Process_2021,centromeric sister chromatid cohesion (GO:0070601),3/6,4.845929152139931e-07,1.5022380371633789e-05,0,0,356.0357142857143,5176.743851044364,SGO1;BUB1B;BUB1
GO_Biological_Process_2021,mitotic cell cycle checkpoint signaling (GO:0007093),4/23,5.798688784911526e-07,1.6691939859423893e-05,0,0,76.25645933014354,1095.078126054881,CHEK1;BUB1B;BUB1;AURKB
GO_Biological_Process_2021,regulation of cell cycle process (GO:0010564),6/106,6.892723817948278e-07,1.851845132422104e-05,0,0,22.461509433962263,318.67556970195074,PRC1;CHEK1;KIF11;BUB1;AURKB;AURKA
GO_Biological_Process_2021,regulation of mitotic cell cycle phase transition (GO:1901990),7/188,1.3090715867128436e-06,2.8659384650992032e-05,0,0,14.696132596685082,199.07663946192903,CENPE;TPX2;CENPF;KIF14;BUB1B;HMMR;AURKA
GO_Biological_Process_2021,meiotic sister chromatid cohesion (GO:0051177),3/8,1.3511868694016094e-06,2.8659384650992032e-05,0,0,213.6,2886.703007619791,SGO1;BUB1B;BUB1
GO_Biological_Process_2021,mitotic spindle elongation (GO:0000022),3/8,1.3511868694016094e-06,2.8659384650992032e-05,0,0,213.6,2886.703007619791,PRC1;KIF4A;AURKB
GO_Biological_Process_2021,mitotic spindle midzone assembly (GO:0051256),3/8,1.3511868694016094e-06,2.8659384650992032e-05,0,0,213.6,2886.703007619791,PRC1;KIF4A;AURKB
GO_Biological_Process_2021,kinetochore assembly (GO:0051382),3/9,2.022535829503345e-06,4.07540969644924e-05,0,0,177.99107142857142,2333.669144228843,CENPE;CENPF;DLGAP5
GO_Biological_Process_2021,regulation of G2/M transition of mitotic cell cycle (GO:0010389),6/149,5.0293463463031705e-06,9.64249724939932e-05,0,0,15.67330782425122,191.217811942634,TPX2;CENPF;KIF14;HMMR;DTL;AURKA
GO_Biological_Process_2021,protein localization to condensed chromosome (GO:1903083),3/12,5.263894280069109e-06,9.64249724939932e-05,0,0,118.64285714285714,1442.061151618357,TTK;KNL1;AURKB
GO_Biological_Process_2021,kinetochore organization (GO:0051383),3/13,6.828723137018277e-06,0.0001196511054007985,0,0,106.77321428571427,1270.0004212194303,CENPE;CENPF;DLGAP5
GO_Biological_Process_2021,protein localization to kinetochore (GO:0034501),3/14,8.672889497798611e-06,0.00014563226948386836,0,0,97.06168831168831,1131.283925393273,TTK;KNL1;AURKB
GO_Biological_Process_2021,chromosome condensation (GO:0030261),4/45,9.296344094148003e-06,0.00014985706679766583,0,0,35.29933481152993,408.974187016664,TOP2A;NUSAP1;NCAPG;NCAPH
GO_Biological_Process_2021,"protein localization to chromosome, centromeric region (GO:0071459)",3/17,1.6100456261945033e-05,0.000249557072060148,0,0,76.25127551020408,841.5596270944254,TTK;KNL1;AURKB
GO_Biological_Process_2021,cytoskeleton-dependent cytokinesis (GO:0061640),4/72,6.049466386091497e-05,0.000902938871701805,0,0,21.25454545454545,206.44445199335885,KIF4A;NUSAP1;AURKB;CEP55
GO_Biological_Process_2021,mitotic chromosome condensation (GO:0007076),3/27,6.781833754178857e-05,0.0009760996439050284,0,0,44.457589285714285,426.73408129202215,NUSAP1;NCAPG;NCAPH
GO_Biological_Process_2021,regulation of cell division (GO:0051302),4/76,7.478190244483873e-05,0.0010392105753541,0,0,20.06969696969697,190.6808793179092,KIF18B;PRC1;AURKB;AURKA
GO_Biological_Process_2021,CENP-A containing nucleosome assembly (GO:0034080),3/30,9.354404454016276e-05,0.0012154778832291,0,0,39.51190476190476,366.5550290421716,CENPI;CENPK;KNL1
GO_Biological_Process_2021,CENP-A containing chromatin organization (GO:0061641),3/30,9.354404454016276e-05,0.0012154778832291,0,0,39.51190476190476,366.5550290421716,CENPI;CENPK;KNL1
GO_Biological_Process_2021,regulation of signal transduction by p53 class mediator (GO:1901796),5/156,9.651437286186492e-05,0.0012154778832291,0,0,12.13514839342654,112.19938096192504,TPX2;BRIP1;CHEK1;AURKB;AURKA
GO_Biological_Process_2021,regulation of cytokinesis (GO:0032465),4/84,0.00011051001022374156,0.0013488930599025,0,0,18.055454545454545,164.49249345301834,PRC1;KIF14;AURKB;AURKA
GO_Biological_Process_2021,chromatin remodeling at centromere (GO:0031055),3/32,0.0001138023921505893,0.0013488930599025,0,0,36.783251231527096,334.03043382886136,CENPI;CENPK;KNL1
GO_Biological_Process_2021,mitotic G2 DNA damage checkpoint signaling (GO:0007095),3/33,0.00012492058118680698,0.0014383712633795,0,0,35.55535714285714,319.56558996528355,CHEK1;DTL;TICRR
GO_Biological_Process_2021,DNA metabolic process (GO:0006259),6/277,0.0001627824474972608,0.0017730088200377,0,0,8.216946320406601,71.67721097633655,TOP2A;POLQ;CDC45;UHRF1;CHEK1;TICRR
GO_Biological_Process_2021,positive regulation of mitotic nuclear division (GO:0045840),3/36,0.0001624531321877173,0.0017730088200377,0,0,32.31818181818182,281.9800473516767,NUSAP1;DLGAP5;AURKA
GO_Biological_Process_2021,histone exchange (GO:0043486),3/38,0.00019113799352806328,0.002027068720837,0,0,30.468367346938777,260.88584973952595,CENPI;CENPK;KNL1
GO_Biological_Process_2021,DNA integrity checkpoint signaling (GO:0031570),3/39,0.00020663293393317965,0.0020818268093767,0,0,29.620535714285715,251.3174081382926,BRIP1;CDC45;CHEK1
GO_Biological_Process_2021,DNA replication-independent nucleosome assembly (GO:0006336),3/39,0.00020663293393317965,0.0020818268093767,0,0,29.620535714285715,251.3174081382926,CENPI;CENPK;KNL1
GO_Biological_Process_2021,positive regulation of cell cycle process (GO:0090068),4/101,0.00022529031628437148,0.0022144389625024,0,0,14.878350515463918,124.95018333980006,KIF14;NUSAP1;AURKB;AURKA
GO_Biological_Process_2021,DNA replication (GO:0006260),4/108,0.0002912073151269398,0.0027292220464222,0,0,13.872027972027972,112.93877061664618,BRIP1;CDC45;CHEK1;TICRR
GO_Biological_Process_2021,regulation of intracellular signal transduction (GO:1902531),7/437,0.0002901362578186212,0.0027292220464222,0,0,6.10809481216458,49.751408873147966,ARHGAP11A;TPX2;ARHGAP11B;BRIP1;CHEK1;AURKB;AURKA
GO_Biological_Process_2021,modification-dependent protein catabolic process (GO:0019941),5/201,0.0003143791332669388,0.0027757142811989,0,0,9.32775888133031,75.22754399130906,UHRF1;BUB1B;DTL;AURKB;AURKA
GO_Biological_Process_2021,regulation of mitotic centrosome separation (GO:0046602),2/9,0.00030391474598742013,0.0027757142811989,0,0,99.91979949874688,809.2268087928436,CHEK1;KIF11
GO_Biological_Process_2021,mitotic G2/M transition checkpoint (GO:0044818),3/45,0.0003168309105090586,0.0027757142811989,0,0,25.381377551020407,204.50137150400963,CHEK1;DTL;TICRR
GO_Biological_Process_2021,regulation of double-strand break repair via homologous recombination (GO:0010569),3/46,0.0003382267416356496,0.0029001144016844,0,0,24.789867109634557,198.11551256988977,POLQ;PARPBP;CHEK1
GO_Biological_Process_2021,negative regulation of mitotic cell cycle (GO:0045930),3/48,0.0003837639306289562,0.0032220180009056,0,0,23.685714285714287,186.29958207201852,CHEK1;BUB1B;BUB1
GO_Biological_Process_2021,mitotic cytokinesis (GO:0000281),3/49,0.00040793755585084526,0.0033550782654671,0,0,23.169642857142858,180.82507833829405,KIF4A;NUSAP1;CEP55
GO_Biological_Process_2021,mitotic metaphase plate congression (GO:0007080),3/51,0.0004591743494940272,0.0037009452569218,0,0,22.202008928571427,170.64642952156123,CENPE;KIF14;CEP55
GO_Biological_Process_2021,cell cycle checkpoint signaling (GO:0000075),2/12,0.0005540143472810427,0.0043777996461619,0,0,69.93333333333334,524.382510177056,BUB1B;BUB1
GO_Biological_Process_2021,ubiquitin-dependent protein catabolic process (GO:0006511),6/354,0.0006026364359373996,0.0046704323785148,0,0,6.373780091086532,47.25645784262699,UHRF1;KIF14;BUB1B;DTL;AURKB;AURKA
GO_Biological_Process_2021,regulation of mitotic nuclear division (GO:0007088),3/57,0.0006371147313502033,0.0048444761647949,0,0,19.729166666666668,145.17827258022422,CHEK1;NUSAP1;AURKA
GO_Biological_Process_2021,mitotic DNA damage checkpoint signaling (GO:0044773),3/59,0.0007049060570094211,0.0052606877958295,0,0,19.022640306122447,138.0557851129771,CHEK1;DTL;TICRR
GO_Biological_Process_2021,negative regulation of cell cycle process (GO:0010948),3/64,0.0008940277238204347,0.0065507849581751,0,0,17.459016393442624,122.5583453686132,CHEK1;AURKB;EZH2
GO_Biological_Process_2021,negative regulation of G2/M transition of mitotic cell cycle (GO:0010972),3/66,0.0009778261585221704,0.0069460936428683,0,0,16.903061224489797,117.14123411482068,CHEK1;AURKB;AURKA
GO_Biological_Process_2021,regulation of chromatin silencing (GO:0031935),2/16,0.0009996859337130693,0.0069460936428683,0,0,49.94235588972431,345.00526021593635,CDC45;ATAD2
GO_Biological_Process_2021,regulation of mitotic sister chromatid separation (GO:0010965),2/16,0.0009996859337130693,0.0069460936428683,0,0,49.94235588972431,345.00526021593635,CENPE;TACC3
GO_Biological_Process_2021,positive regulation of protein kinase activity (GO:0045860),4/154,0.0011072098747753,0.0075628064327872,0,0,9.595636363636364,65.30705719738255,CENPE;TPX2;KIF14;EZH2
GO_Biological_Process_2021,DNA replication checkpoint signaling (GO:0000076),2/17,0.0011308314717929,0.0075954180522094,0,0,46.61052631578947,316.24319688035297,CDC45;TICRR
GO_Biological_Process_2021,regulation of spindle organization (GO:0090224),2/18,0.0012697762309429,0.0079956222042187,0,0,43.69517543859649,291.39939300135444,TPX2;TACC3
GO_Biological_Process_2021,negative regulation of double-strand break repair via homologous recombination (GO:2000042),2/18,0.0012697762309429,0.0079956222042187,0,0,43.69517543859649,291.39939300135444,POLQ;PARPBP
GO_Biological_Process_2021,regulation of chromosome segregation (GO:0051983),2/18,0.0012697762309429,0.0079956222042187,0,0,43.69517543859649,291.39939300135444,BUB1;AURKB
GO_Biological_Process_2021,microtubule depolymerization (GO:0007019),2/18,0.0012697762309429,0.0079956222042187,0,0,43.69517543859649,291.39939300135444,KIF18B;KIF14
GO_Biological_Process_2021,anaphase-promoting complex-dependent catabolic process (GO:0031145),3/84,0.0019610253894767,0.0121583574147557,0,0,13.134920634920634,81.88687526653838,BUB1B;AURKB;AURKA
GO_Biological_Process_2021,"retrograde vesicle-mediated transport, Golgi to endoplasmic reticulum (GO:0006890)",3/85,0.0020285371140543,0.012386370560059,0,0,12.97408536585366,80.44504278537157,CENPE;KIF4A;KIF11
GO_Biological_Process_2021,regulation of mitotic metaphase/anaphase transition (GO:0030071),2/26,0.002656677184464,0.0159797150050596,0,0,29.11842105263158,172.69201162295056,CENPE;DLGAP5
GO_Biological_Process_2021,positive regulation of nuclear division (GO:0051785),2/27,0.0028637869058653,0.0167261756965757,0,0,27.952280701754383,163.6776666159437,NUSAP1;AURKA
GO_Biological_Process_2021,microtubule polymerization or depolymerization (GO:0031109),2/27,0.0028637869058653,0.0167261756965757,0,0,27.952280701754383,163.6776666159437,KIF18B;KIF14
GO_Biological_Process_2021,antigen processing and presentation of exogenous peptide antigen via MHC class II (GO:0019886),3/98,0.0030402916735731,0.0174723128217738,0,0,11.191353383458647,64.86286634070352,CENPE;KIF4A;KIF11
GO_Biological_Process_2021,protein depolymerization (GO:0051261),2/28,0.003078248660908,0.0174723128217738,0,0,26.87584345479082,155.43360415256026,KIF18B;KIF14
GO_Biological_Process_2021,antigen processing and presentation of peptide antigen via MHC class II (GO:0002495),3/100,0.0032188419242375,0.0180165735481628,0,0,10.959499263622977,62.89364704662167,CENPE;KIF4A;KIF11
GO_Biological_Process_2021,actin filament polymerization (GO:0030041),2/29,0.0033000187698343,0.0182179118389486,0,0,25.87914230019493,147.86894518699629,PSTPIP1;DIAPH3
GO_Biological_Process_2021,antigen processing and presentation of exogenous peptide antigen (GO:0002478),3/103,0.0034985343921975,0.0190528291899409,0,0,10.629107142857142,60.11197097873968,CENPE;KIF4A;KIF11
GO_Biological_Process_2021,cellular response to DNA damage stimulus (GO:0006974),5/350,0.0036847774669232,0.0197995375889342,0,0,5.25925925925926,29.470496683569355,TOP2A;POLQ;CHEK1;DTL;TICRR
GO_Biological_Process_2021,negative regulation of double-strand break repair (GO:2000780),2/32,0.0040087451992263,0.0209808352634831,0,0,23.28771929824561,128.53137361078805,POLQ;PARPBP
GO_Biological_Process_2021,DNA damage checkpoint signaling (GO:0000077),2/32,0.0040087451992263,0.0209808352634831,0,0,23.28771929824561,128.53137361078805,BRIP1;CHEK1
GO_Biological_Process_2021,histone modification (GO:0016570),3/114,0.0046493902936446,0.0240218498504974,0,0,9.57046332046332,51.40314212868042,UHRF1;AURKB;EZH2
GO_Biological_Process_2021,regulation of mitotic spindle organization (GO:0060236),2/35,0.0047816920962989,0.0243926824659303,0,0,21.167464114832537,113.09693100262078,TPX2;TACC3
GO_Biological_Process_2021,regulation of cell cycle G1/S phase transition (GO:1902806),2/36,0.0050534131683621,0.0254565688356244,0,0,20.54385964912281,108.62958976497576,KIF14;EZH2
GO_Biological_Process_2021,positive regulation of cytokinesis (GO:0032467),2/37,0.0053320997910666,0.0265288421703687,0,0,19.955889724310776,104.44932959556184,KIF14;AURKB
GO_Biological_Process_2021,negative regulation of G0 to G1 transition (GO:0070317),2/38,0.0056177099331267,0.0276089890615863,0,0,19.40058479532164,100.5305552672347,CHEK1;EZH2
GO_Biological_Process_2021,protein monoubiquitination (GO:0006513),2/39,0.0059102017448563,0.0286965217250255,0,0,18.87529634898056,96.85056710220636,UHRF1;DTL
GO_Biological_Process_2021,regulation of G0 to G1 transition (GO:0070316),2/41,0.0065156638695798,0.0312596730885795,0,0,17.9055330634278,90.12832746214087,CHEK1;EZH2
GO_Biological_Process_2021,positive regulation of cell division (GO:0051781),2/44,0.0074744335904493,0.0354376086700126,0,0,16.62406015037594,81.3958360634977,KIF14;AURKB
GO_Biological_Process_2021,actin polymerization or depolymerization (GO:0008154),2/50,0.0095700107879558,0.0448455156691417,0,0,14.541666666666666,67.6059670933825,PSTPIP1;DIAPH3
GO_Biological_Process_2021,positive regulation of hydrolase activity (GO:0051345),3/149,0.0097148763966228,0.045001094113092,0,0,7.263331702544031,33.658983065707,ARHGAP11A;ARHGAP11B;EZH2
GO_Biological_Process_2021,signal transduction in response to DNA damage (GO:0042770),2/52,0.0103201087179194,0.0472614069695627,0,0,13.95859649122807,63.841888167545946,BRIP1;CHEK1
GO_Biological_Process_2021,regulation of cell cycle (GO:0051726),4/296,0.0113083304892183,0.0512051369343255,0,0,4.893897882938979,21.93550550146785,CENPF;CHEK1;DTL;DLGAP5
GO_Biological_Process_2021,DNA repair (GO:0006281),4/298,0.0115684764849481,0.0512750518367145,0,0,4.860111317254175,21.673527539174444,POLQ;BRIP1;CHEK1;TICRR
GO_Biological_Process_2021,protein autophosphorylation (GO:0046777),3/159,0.0115782375115161,0.0512750518367145,0,0,6.794299450549451,30.2932539030871,MELK;AURKB;AURKA
GO_Biological_Process_2021,"DNA damage response, signal transduction by p53 class mediator resulting in cell cycle arrest (GO:0006977)",2/56,0.0118957634454062,0.0521086159619424,0,0,12.922027290448344,57.264906667268,GTSE1;AURKA
GO_Biological_Process_2021,negative regulation of DNA recombination (GO:0045910),2/57,0.0123051701203719,0.0527551442394667,0,0,12.686443381180224,55.7916258506103,POLQ;PARPBP
GO_Biological_Process_2021,"positive regulation of gene expression, epigenetic (GO:0045815)",2/57,0.0123051701203719,0.0527551442394667,0,0,12.686443381180224,55.7916258506103,CHEK1;ATAD2
GO_Biological_Process_2021,positive regulation of mitotic cell cycle phase transition (GO:1901992),2/58,0.0127206966303195,0.0539625341265135,0,0,12.459273182957393,54.3788087410781,DTL;DLGAP5
GO_Biological_Process_2021,protein polymerization (GO:0051258),2/59,0.0131423045896361,0.0551702994752435,0,0,12.240073868882734,53.023007256141646,PSTPIP1;DIAPH3
GO_Biological_Process_2021,cellular protein-containing complex assembly (GO:0034622),3/168,0.0134198087832874,0.0557544632955138,0,0,6.420779220779221,27.680129442469,CENPE;CENPF;DLGAP5
GO_Biological_Process_2021,cellular macromolecule biosynthetic process (GO:0034645),4/314,0.0137894690593458,0.0567056737848611,0,0,4.605513196480938,19.729328120220863,BRIP1;CDC45;CHEK1;TICRR
GO_Biological_Process_2021,apoptotic chromosome condensation (GO:0030263),1/5,0.0146645613684728,0.0579393944264172,0,0,85.9353448275862,362.8466529663449,TOP2A
GO_Biological_Process_2021,positive regulation of DNA topoisomerase (ATP-hydrolyzing) activity (GO:2000373),1/5,0.0146645613684728,0.0579393944264172,0,0,85.9353448275862,362.8466529663449,UHRF1
GO_Biological_Process_2021,regulation of DNA topoisomerase (ATP-hydrolyzing) activity (GO:2000371),1/5,0.0146645613684728,0.0579393944264172,0,0,85.9353448275862,362.8466529663449,UHRF1
GO_Biological_Process_2021,meiotic sister chromatid segregation (GO:0045144),1/5,0.0146645613684728,0.0579393944264172,0,0,85.9353448275862,362.8466529663449,SGO1
GO_Biological_Process_2021,proteasome-mediated ubiquitin-dependent protein catabolic process (GO:0043161),4/321,0.0148409137491617,0.0580668761253612,0,0,4.502208201892745,18.955950955267507,KIF14;BUB1B;AURKB;AURKA
GO_Biological_Process_2021,protein phosphorylation (GO:0006468),5/496,0.0153509535014414,0.0594849448180855,0,0,3.6678735762238817,15.319158946438018,MELK;CHEK1;TTK;AURKB;AURKA
GO_Biological_Process_2021,mitotic G1 DNA damage checkpoint signaling (GO:0031571),2/65,0.015797533956199,0.0606324398509353,0,0,11.071010860484543,45.92146177811471,GTSE1;AURKA
GO_Biological_Process_2021,negative regulation of cytokinesis (GO:0032466),1/6,0.0175720139945569,0.0637974922505084,0,0,68.7448275862069,277.8286292162732,AURKB
GO_Biological_Process_2021,histone-serine phosphorylation (GO:0035404),1/6,0.0175720139945569,0.0637974922505084,0,0,68.7448275862069,277.8286292162732,AURKB
GO_Biological_Process_2021,regulation of DNA-dependent DNA replication initiation (GO:0030174),1/6,0.0175720139945569,0.0637974922505084,0,0,68.7448275862069,277.8286292162732,TICRR
GO_Biological_Process_2021,maintenance of DNA methylation (GO:0010216),1/6,0.0175720139945569,0.0637974922505084,0,0,68.7448275862069,277.8286292162732,UHRF1
GO_Biological_Process_2021,metaphase/anaphase transition of cell cycle (GO:0044784),1/6,0.0175720139945569,0.0637974922505084,0,0,68.7448275862069,277.8286292162732,TACC3
GO_Biological_Process_2021,metaphase/anaphase transition of mitotic cell cycle (GO:0007091),1/6,0.0175720139945569,0.0637974922505084,0,0,68.7448275862069,277.8286292162732,TACC3
GO_Biological_Process_2021,regulation of GTPase activity (GO:0043087),3/189,0.0183342345347334,0.0659705046205141,0,0,5.689804147465438,22.753442731295397,ARHGAP11A;ARHGAP11B;EZH2
GO_Biological_Process_2021,negative regulation of protein binding (GO:0032091),2/74,0.0201705983731153,0.0699137847464186,0,0,9.682748538011696,37.79689224469921,AURKB;AURKA
GO_Biological_Process_2021,"DNA damage response, signal transduction by p53 class mediator (GO:0030330)",2/74,0.0201705983731153,0.0699137847464186,0,0,9.682748538011696,37.79689224469921,GTSE1;AURKA
GO_Biological_Process_2021,negative regulation of retinoic acid receptor signaling pathway (GO:0048387),1/7,0.0204710337470903,0.0699137847464186,0,0,57.28448275862069,222.7647103884159,EZH2
GO_Biological_Process_2021,cleavage furrow formation (GO:0036089),1/7,0.0204710337470903,0.0699137847464186,0,0,57.28448275862069,222.7647103884159,AURKB
GO_Biological_Process_2021,regulation of muscle organ development (GO:0048634),1/7,0.0204710337470903,0.0699137847464186,0,0,57.28448275862069,222.7647103884159,CENPF
GO_Biological_Process_2021,DNA ligation (GO:0006266),1/7,0.0204710337470903,0.0699137847464186,0,0,57.28448275862069,222.7647103884159,TOP2A
GO_Biological_Process_2021,cellular response to UV (GO:0034644),2/77,0.0217283975397269,0.0735526773607284,0,0,9.294035087719298,35.58811719790931,CHEK1;AURKB
GO_Biological_Process_2021,negative regulation of B cell apoptotic process (GO:0002903),1/8,0.0233616444222661,0.0735526773607284,0,0,49.09852216748769,184.44644096582127,AURKB
GO_Biological_Process_2021,regulation of striated muscle tissue development (GO:0016202),1/8,0.0233616444222661,0.0735526773607284,0,0,49.09852216748769,184.44644096582127,CENPF
GO_Biological_Process_2021,negative regulation of chromosome organization (GO:2001251),1/8,0.0233616444222661,0.0735526773607284,0,0,49.09852216748769,184.44644096582127,TOP2A
GO_Biological_Process_2021,negative regulation of mitotic nuclear division (GO:0045839),1/8,0.0233616444222661,0.0735526773607284,0,0,49.09852216748769,184.44644096582127,CHEK1
GO_Biological_Process_2021,positive regulation of isomerase activity (GO:0010912),1/8,0.0233616444222661,0.0735526773607284,0,0,49.09852216748769,184.44644096582127,UHRF1
GO_Biological_Process_2021,somatic hypermutation of immunoglobulin genes (GO:0016446),1/8,0.0233616444222661,0.0735526773607284,0,0,49.09852216748769,184.44644096582127,POLQ
GO_Biological_Process_2021,chromatin silencing at telomere (GO:0006348),1/8,0.0233616444222661,0.0735526773607284,0,0,49.09852216748769,184.44644096582127,EZH2
GO_Biological_Process_2021,regulation of metaphase/anaphase transition of cell cycle (GO:1902099),1/8,0.0233616444222661,0.0735526773607284,0,0,49.09852216748769,184.44644096582127,CENPE
GO_Biological_Process_2021,DNA damage induced protein phosphorylation (GO:0006975),1/8,0.0233616444222661,0.0735526773607284,0,0,49.09852216748769,184.44644096582127,CHEK1
GO_Biological_Process_2021,mitotic cell cycle phase transition (GO:0044772),3/209,0.0238292411651944,0.0744432882912662,0,0,5.132194868238558,19.178200473890712,MELK;TACC3;AURKA
GO_Biological_Process_2021,regulation of cell population proliferation (GO:0042127),6/764,0.0246810655041437,0.0765113030628456,0,0,2.864987305222283,10.605377679206551,PRC1;UHRF1;KIF14;TTK;SHCBP1;EZH2
GO_Biological_Process_2021,positive regulation of GTPase activity (GO:0043547),3/214,0.0253278570472871,0.0779169953439445,0,0,5.009309410968179,18.41347210180594,ARHGAP11A;ARHGAP11B;EZH2
GO_Biological_Process_2021,spindle assembly (GO:0051225),2/84,0.025550039020776,0.0780050433740359,0,0,8.497646555412922,31.161859343039666,TPX2;KIF11
GO_Biological_Process_2021,DNA topological change (GO:0006265),1/9,0.0262438698013582,0.0795208987214087,0,0,42.95905172413793,156.38481754531216,TOP2A
GO_Biological_Process_2021,negative regulation of binding (GO:0051100),2/88,0.027847676669017,0.0837508484896556,0,0,8.10077519379845,29.00892246018587,AURKB;AURKA
GO_Biological_Process_2021,mitotic DNA replication (GO:1902969),1/10,0.0291177336711439,0.0856528953975985,0,0,38.18390804597701,135.03387352863817,CDC45
GO_Biological_Process_2021,negative regulation of lymphocyte apoptotic process (GO:0070229),1/10,0.0291177336711439,0.0856528953975985,0,0,38.18390804597701,135.03387352863817,AURKB
GO_Biological_Process_2021,mitotic DNA replication checkpoint signaling (GO:0033314),1/10,0.0291177336711439,0.0856528953975985,0,0,38.18390804597701,135.03387352863817,TICRR
GO_Biological_Process_2021,phosphorylation (GO:0016310),4/400,0.0302951782457897,0.0884707016887918,0,0,3.5895316804407718,12.551754895181082,MELK;CHEK1;AURKB;AURKA
GO_Biological_Process_2021,double-strand break repair via homologous recombination (GO:0000724),2/97,0.033306894189603,0.0888652539443927,0,0,7.330009233610341,24.936624494912863,POLQ;CDC45
GO_Biological_Process_2021,regulation of cell cycle phase transition (GO:1901987),2/95,0.0320599403367198,0.0888652539443927,0,0,7.488398415393322,25.76119877793174,BUB1B;GTSE1
GO_Biological_Process_2021,negative regulation of release of sequestered calcium ion into cytosol (GO:0051280),1/12,0.0348404717697619,0.0888652539443927,0,0,31.238244514106583,104.86602418496526,CLIC2
GO_Biological_Process_2021,positive regulation of mitotic sister chromatid separation (GO:1901970),1/12,0.0348404717697619,0.0888652539443927,0,0,31.238244514106583,104.86602418496526,DLGAP5
GO_Biological_Process_2021,double-strand break repair via break-induced replication (GO:0000727),1/12,0.0348404717697619,0.0888652539443927,0,0,31.238244514106583,104.86602418496526,CDC45
GO_Biological_Process_2021,negative regulation of ryanodine-sensitive calcium-release channel activity (GO:0060315),1/12,0.0348404717697619,0.0888652539443927,0,0,31.238244514106583,104.86602418496526,CLIC2
GO_Biological_Process_2021,regulation of DNA-dependent DNA replication (GO:0090329),1/12,0.0348404717697619,0.0888652539443927,0,0,31.238244514106583,104.86602418496526,TICRR
GO_Biological_Process_2021,replicative senescence (GO:0090399),1/12,0.0348404717697619,0.0888652539443927,0,0,31.238244514106583,104.86602418496526,CHEK1
GO_Biological_Process_2021,chromatin-mediated maintenance of transcription (GO:0048096),1/11,0.0319832597603844,0.0888652539443927,0,0,34.36379310344827,118.2988232215442,CHEK1
GO_Biological_Process_2021,regulation of histone H3-K9 acetylation (GO:2000615),1/11,0.0319832597603844,0.0888652539443927,0,0,34.36379310344827,118.2988232215442,CHEK1
GO_Biological_Process_2021,cell proliferation in forebrain (GO:0021846),1/11,0.0319832597603844,0.0888652539443927,0,0,34.36379310344827,118.2988232215442,KIF14
GO_Biological_Process_2021,negative regulation of nuclear division (GO:0051784),1/11,0.0319832597603844,0.0888652539443927,0,0,34.36379310344827,118.2988232215442,CHEK1
GO_Biological_Process_2021,positive regulation of mitotic metaphase/anaphase transition (GO:0045842),1/12,0.0348404717697619,0.0888652539443927,0,0,31.238244514106583,104.86602418496526,DLGAP5
GO_Biological_Process_2021,positive regulation of metaphase/anaphase transition of cell cycle (GO:1902101),1/12,0.0348404717697619,0.0888652539443927,0,0,31.238244514106583,104.86602418496526,DLGAP5
GO_Biological_Process_2021,attachment of mitotic spindle microtubules to kinetochore (GO:0051315),1/12,0.0348404717697619,0.0888652539443927,0,0,31.238244514106583,104.86602418496526,CENPE
GO_Biological_Process_2021,negative regulation of cell division (GO:0051782),1/12,0.0348404717697619,0.0888652539443927,0,0,31.238244514106583,104.86602418496526,AURKB
GO_Biological_Process_2021,glutamine metabolic process (GO:0006541),1/12,0.0348404717697619,0.0888652539443927,0,0,31.238244514106583,104.86602418496526,ARHGAP11B
GO_Biological_Process_2021,regulation of B cell apoptotic process (GO:0002902),1/12,0.0348404717697619,0.0888652539443927,0,0,31.238244514106583,104.86602418496526,AURKB
GO_Biological_Process_2021,regulation of sister chromatid cohesion (GO:0007063),1/12,0.0348404717697619,0.0888652539443927,0,0,31.238244514106583,104.86602418496526,BUB1
GO_Biological_Process_2021,response to UV (GO:0009411),2/99,0.0345726811447628,0.0888652539443927,0,0,7.178151564478206,24.152265347098023,DTL;AURKB
GO_Biological_Process_2021,negative regulation of chromatin organization (GO:1905268),1/13,0.0376893933426092,0.0926147897382409,0,0,28.63362068965517,93.87179112052809,ATAD2
GO_Biological_Process_2021,positive regulation of cellular process (GO:0048522),5/625,0.0368217381625284,0.0926147897382409,0,0,2.885454002389486,9.526807963284622,PRC1;CHEK1;KIF14;TTK;EZH2
GO_Biological_Process_2021,negative regulation of chromatin silencing (GO:0031936),1/13,0.0376893933426092,0.0926147897382409,0,0,28.63362068965517,93.87179112052809,ATAD2
GO_Biological_Process_2021,negative regulation of gene silencing (GO:0060969),1/13,0.0376893933426092,0.0926147897382409,0,0,28.63362068965517,93.87179112052809,ATAD2
GO_Biological_Process_2021,chromatin organization involved in regulation of transcription (GO:0034401),1/13,0.0376893933426092,0.0926147897382409,0,0,28.63362068965517,93.87179112052809,CHEK1
GO_Biological_Process_2021,mitotic DNA integrity checkpoint signaling (GO:0044774),1/13,0.0376893933426092,0.0926147897382409,0,0,28.63362068965517,93.87179112052809,TICRR
GO_Biological_Process_2021,chromosome organization (GO:0051276),2/106,0.0391475567115874,0.0956149415440589,0,0,6.692645074224021,21.686962659624147,TOP2A;EZH2
GO_Biological_Process_2021,regulation of retinoic acid receptor signaling pathway (GO:0048385),1/14,0.040530048064478,0.0978060441316446,0,0,26.42970822281167,84.7260236205579,EZH2
GO_Biological_Process_2021,covalent chromatin modification (GO:0016569),1/14,0.040530048064478,0.0978060441316446,0,0,26.42970822281167,84.7260236205579,AURKB
GO_Biological_Process_2021,establishment of spindle localization (GO:0051293),1/15,0.0433624594690451,0.1027945362707364,0,0,24.54064039408867,77.0124855419272,NUSAP1
GO_Biological_Process_2021,positive regulation of protein export from nucleus (GO:0046827),1/15,0.0433624594690451,0.1027945362707364,0,0,24.54064039408867,77.0124855419272,GTSE1
GO_Biological_Process_2021,regulation of integrin activation (GO:0033623),1/15,0.0433624594690451,0.1027945362707364,0,0,24.54064039408867,77.0124855419272,KIF14
GO_Biological_Process_2021,activation of protein kinase activity (GO:0032147),2/114,0.0446408219898234,0.1051594370943878,0,0,6.212092731829574,19.31405818514056,TPX2;KIF14
GO_Biological_Process_2021,positive regulation of protein metabolic process (GO:0051247),2/115,0.0453466072887356,0.1051594370943878,0,0,6.156807949076231,19.04559233441176,UHRF1;DTL
GO_Biological_Process_2021,glutamine family amino acid catabolic process (GO:0009065),1/16,0.0461866510315301,0.1051594370943878,0,0,22.90344827586207,70.42957983562586,ARHGAP11B
GO_Biological_Process_2021,resolution of meiotic recombination intermediates (GO:0000712),1/16,0.0461866510315301,0.1051594370943878,0,0,22.90344827586207,70.42957983562586,TOP2A
GO_Biological_Process_2021,neural tube development (GO:0021915),1/16,0.0461866510315301,0.1051594370943878,0,0,22.90344827586207,70.42957983562586,STIL
GO_Biological_Process_2021,mitotic sister chromatid cohesion (GO:0007064),1/16,0.0461866510315301,0.1051594370943878,0,0,22.90344827586207,70.42957983562586,SGO1
GO_Biological_Process_2021,protein localization to microtubule organizing center (GO:1905508),1/16,0.0461866510315301,0.1051594370943878,0,0,22.90344827586207,70.42957983562586,STIL
GO_Biological_Process_2021,regulation of protein binding (GO:0043393),2/118,0.0474887460372922,0.1075166553540942,0,0,5.996672716273443,18.27343602226263,AURKB;AURKA
GO_Biological_Process_2021,regulation of cardiac muscle contraction by regulation of the release of sequestered calcium ion (GO:0010881),1/17,0.0490026461589589,0.1085058593519805,0,0,21.470905172413797,64.75369451323282,CLIC2
GO_Biological_Process_2021,positive regulation of telomere capping (GO:1904355),1/17,0.0490026461589589,0.1085058593519805,0,0,21.470905172413797,64.75369451323282,AURKB
GO_Biological_Process_2021,midbody abscission (GO:0061952),1/17,0.0490026461589589,0.1085058593519805,0,0,21.470905172413797,64.75369451323282,CEP55
GO_Biological_Process_2021,positive regulation of transcription of Notch receptor target (GO:0007221),1/17,0.0490026461589589,0.1085058593519805,0,0,21.470905172413797,64.75369451323282,DLGAP5
GO_Biological_Process_2021,positive regulation of cell population proliferation (GO:0008284),4/474,0.0511021373042276,0.11047417294926,0,0,3.012920696324952,8.960212103140092,PRC1;KIF14;TTK;EZH2
GO_Biological_Process_2021,regulation of single stranded viral RNA replication via double stranded DNA intermediate (GO:0045091),1/18,0.051810468206973,0.11047417294926,0,0,20.20689655172414,59.81570875382696,TOP2A
GO_Biological_Process_2021,positive regulation of cell cycle phase transition (GO:1901989),1/18,0.051810468206973,0.11047417294926,0,0,20.20689655172414,59.81570875382696,EZH2
GO_Biological_Process_2021,hyaluronan catabolic process (GO:0030214),1/18,0.051810468206973,0.11047417294926,0,0,20.20689655172414,59.81570875382696,HMMR
GO_Biological_Process_2021,DNA conformation change (GO:0071103),1/18,0.051810468206973,0.11047417294926,0,0,20.20689655172414,59.81570875382696,TOP2A
GO_Biological_Process_2021,embryonic axis specification (GO:0000578),1/18,0.051810468206973,0.11047417294926,0,0,20.20689655172414,59.81570875382696,STIL
GO_Biological_Process_2021,protein localization to centrosome (GO:0071539),1/18,0.051810468206973,0.11047417294926,0,0,20.20689655172414,59.81570875382696,STIL
GO_Biological_Process_2021,regulation of centriole replication (GO:0046599),1/19,0.0546101404797423,0.1146244094444593,0,0,19.08333333333333,55.48547275853284,STIL
GO_Biological_Process_2021,positive regulation of mitochondrial fission (GO:0090141),1/19,0.0546101404797423,0.1146244094444593,0,0,19.08333333333333,55.48547275853284,AURKA
GO_Biological_Process_2021,regulation of mitochondrial membrane permeability (GO:0046902),1/19,0.0546101404797423,0.1146244094444593,0,0,19.08333333333333,55.48547275853284,ARHGAP11B
GO_Biological_Process_2021,microtubule nucleation (GO:0007020),1/20,0.0574016861834188,0.1174257844259785,0,0,18.07803992740472,51.661282065881295,TPX2
GO_Biological_Process_2021,positive regulation of G2/M transition of mitotic cell cycle (GO:0010971),1/20,0.0574016861834188,0.1174257844259785,0,0,18.07803992740472,51.661282065881295,DTL
GO_Biological_Process_2021,cell cycle G2/M phase transition (GO:0044839),2/131,0.0571837284420017,0.1174257844259785,0,0,5.388820889432885,15.420034932718025,MELK;AURKA
GO_Biological_Process_2021,mitotic cytokinetic process (GO:1902410),1/20,0.0574016861834188,0.1174257844259785,0,0,18.07803992740472,51.661282065881295,CEP55
GO_Biological_Process_2021,G2/M transition of mitotic cell cycle (GO:0000086),2/130,0.0564150286088769,0.1174257844259785,0,0,5.431195175438597,15.61479307655534,MELK;AURKA
GO_Biological_Process_2021,negative regulation of microtubule depolymerization (GO:0007026),1/21,0.0601851284985257,0.1206696854970442,0,0,17.173275862068966,48.26257221767156,TPX2
GO_Biological_Process_2021,purinergic nucleotide receptor signaling pathway (GO:0035590),1/21,0.0601851284985257,0.1206696854970442,0,0,17.173275862068966,48.26257221767156,PSTPIP1
GO_Biological_Process_2021,regulation of cardiac muscle contraction by calcium ion signaling (GO:0010882),1/21,0.0601851284985257,0.1206696854970442,0,0,17.173275862068966,48.26257221767156,CLIC2
GO_Biological_Process_2021,histone ubiquitination (GO:0016574),1/21,0.0601851284985257,0.1206696854970442,0,0,17.173275862068966,48.26257221767156,UHRF1
GO_Biological_Process_2021,homologous chromosome segregation (GO:0045143),1/22,0.062960490519082,0.1243778317607356,0,0,16.354679802955665,45.22474371763155,SGO1
GO_Biological_Process_2021,regulation of centrosome cycle (GO:0046605),1/22,0.062960490519082,0.1243778317607356,0,0,16.354679802955665,45.22474371763155,AURKA
GO_Biological_Process_2021,regulation of chromosome organization (GO:0033044),1/22,0.062960490519082,0.1243778317607356,0,0,16.354679802955665,45.22474371763155,BUB1
GO_Biological_Process_2021,regulation of cellular component organization (GO:0051128),2/139,0.0634638952541693,0.1247607306703914,0,0,5.072096299142015,13.98521054756425,KIF14;AURKA
GO_Biological_Process_2021,positive regulation of cell cycle G2/M phase transition (GO:1902751),1/23,0.0657277952904182,0.1249448184058421,0,0,15.61050156739812,42.4954284324617,DTL
GO_Biological_Process_2021,regulation of small GTPase mediated signal transduction (GO:0051056),2/141,0.0650692104833966,0.1249448184058421,0,0,4.998611637006184,13.657725564975054,ARHGAP11A;ARHGAP11B
GO_Biological_Process_2021,regulation of release of sequestered calcium ion into cytosol by sarcoplasmic reticulum (GO:0010880),1/23,0.0657277952904182,0.1249448184058421,0,0,15.61050156739812,42.4954284324617,CLIC2
GO_Biological_Process_2021,regulation of protein export from nucleus (GO:0046825),1/23,0.0657277952904182,0.1249448184058421,0,0,15.61050156739812,42.4954284324617,GTSE1
GO_Biological_Process_2021,regulation of neural precursor cell proliferation (GO:2000177),1/23,0.0657277952904182,0.1249448184058421,0,0,15.61050156739812,42.4954284324617,SHCBP1
GO_Biological_Process_2021,hyaluronan metabolic process (GO:0030212),1/23,0.0657277952904182,0.1249448184058421,0,0,15.61050156739812,42.4954284324617,HMMR
GO_Biological_Process_2021,regulation of telomere capping (GO:1904353),1/23,0.0657277952904182,0.1249448184058421,0,0,15.61050156739812,42.4954284324617,AURKB
GO_Biological_Process_2021,histone monoubiquitination (GO:0010390),1/24,0.0684870657945493,0.1283734303032716,0,0,14.93103448275862,40.03175141731448,UHRF1
GO_Biological_Process_2021,negative regulation of protein depolymerization (GO:1901880),1/24,0.0684870657945493,0.1283734303032716,0,0,14.93103448275862,40.03175141731448,TPX2
GO_Biological_Process_2021,apoptotic nuclear changes (GO:0030262),1/24,0.0684870657945493,0.1283734303032716,0,0,14.93103448275862,40.03175141731448,TOP2A
GO_Biological_Process_2021,regulation of ryanodine-sensitive calcium-release channel activity (GO:0060314),1/25,0.071238324931138,0.1310915294394914,0,0,14.308189655172416,37.79829278577611,CLIC2
GO_Biological_Process_2021,regulation of microtubule depolymerization (GO:0031114),1/25,0.071238324931138,0.1310915294394914,0,0,14.308189655172416,37.79829278577611,TPX2
GO_Biological_Process_2021,regulation of mitochondrial fission (GO:0090140),1/25,0.071238324931138,0.1310915294394914,0,0,14.308189655172416,37.79829278577611,AURKA
GO_Biological_Process_2021,in utero embryonic development (GO:0001701),1/25,0.071238324931138,0.1310915294394914,0,0,14.308189655172416,37.79829278577611,STIL
GO_Biological_Process_2021,histone methylation (GO:0016571),1/26,0.0739815955600831,0.1342999234716824,0,0,13.735172413793103,35.76555009478774,EZH2
GO_Biological_Process_2021,regulation of myelination (GO:0031641),1/26,0.0739815955600831,0.1342999234716824,0,0,13.735172413793103,35.76555009478774,KIF14
GO_Biological_Process_2021,meiosis I (GO:0007127),1/26,0.0739815955600831,0.1342999234716824,0,0,13.735172413793103,35.76555009478774,SGO1
GO_Biological_Process_2021,negative regulation of cation channel activity (GO:2001258),1/27,0.076716900477825,0.138640856020464,0,0,13.206233421750664,33.90876403657074,CLIC2
GO_Biological_Process_2021,peptidyl-serine phosphorylation (GO:0018105),2/156,0.0775308132470301,0.1394862399042551,0,0,4.50831624515835,11.528124543871954,TTK;AURKA
GO_Biological_Process_2021,negative regulation of calcium ion transmembrane transporter activity (GO:1901020),1/28,0.0794442623905929,0.1422935010818175,0,0,12.71647509578544,32.20701145480839,CLIC2
GO_Biological_Process_2021,positive regulation of dephosphorylation (GO:0035306),1/29,0.0821637039796816,0.1445937672655533,0,0,12.261699507389162,30.642497546322605,CDCA2
GO_Biological_Process_2021,establishment of mitotic spindle localization (GO:0040001),1/29,0.0821637039796816,0.1445937672655533,0,0,12.261699507389162,30.642497546322605,NUSAP1
GO_Biological_Process_2021,positive regulation of viral genome replication (GO:0045070),1/29,0.0821637039796816,0.1445937672655533,0,0,12.261699507389162,30.642497546322605,TOP2A
GO_Biological_Process_2021,determination of bilateral symmetry (GO:0009855),1/29,0.0821637039796816,0.1445937672655533,0,0,12.261699507389162,30.642497546322605,STIL
GO_Biological_Process_2021,"negative regulation of gene expression, epigenetic (GO:0045814)",1/30,0.0848752478256348,0.1461740379219266,0,0,11.838287752675386,29.199998252267804,EZH2
GO_Biological_Process_2021,double-strand break repair (GO:0006302),2/164,0.0844618651746238,0.1461740379219266,0,0,4.283950617283951,10.587591799127235,POLQ;BRIP1
GO_Biological_Process_2021,primary neural tube formation (GO:0014020),1/30,0.0848752478256348,0.1461740379219266,0,0,11.838287752675386,29.199998252267804,STIL
GO_Biological_Process_2021,microtubule polymerization (GO:0046785),1/30,0.0848752478256348,0.1461740379219266,0,0,11.838287752675386,29.199998252267804,TPX2
GO_Biological_Process_2021,plasma membrane invagination (GO:0099024),1/30,0.0848752478256348,0.1461740379219266,0,0,11.838287752675386,29.199998252267804,AURKB
GO_Biological_Process_2021,tube closure (GO:0060606),1/31,0.0875789164754865,0.1495521327950045,0,0,11.443103448275862,27.86641704377016,STIL
GO_Biological_Process_2021,protein acetylation (GO:0006473),1/31,0.0875789164754865,0.1495521327950045,0,0,11.443103448275862,27.86641704377016,ESCO2
GO_Biological_Process_2021,peptidyl-serine modification (GO:0018209),2/169,0.0888869719212901,0.1503335419532573,0,0,4.15463809223658,10.05584322394192,TTK;AURKA
GO_Biological_Process_2021,regulation of transcription involved in G1/S transition of mitotic cell cycle (GO:0000083),1/32,0.0902747323888046,0.1503335419532573,0,0,11.0734149054505,26.630429773969347,CDC45
GO_Biological_Process_2021,negative regulation of microtubule polymerization or depolymerization (GO:0031111),1/32,0.0902747323888046,0.1503335419532573,0,0,11.0734149054505,26.630429773969347,TPX2
GO_Biological_Process_2021,regulation of centrosome duplication (GO:0010824),1/32,0.0902747323888046,0.1503335419532573,0,0,11.0734149054505,26.630429773969347,STIL
GO_Biological_Process_2021,liver development (GO:0001889),1/32,0.0902747323888046,0.1503335419532573,0,0,11.0734149054505,26.630429773969347,AURKA
GO_Biological_Process_2021,positive regulation of telomere maintenance (GO:0032206),1/32,0.0902747323888046,0.1503335419532573,0,0,11.0734149054505,26.630429773969347,AURKB
GO_Biological_Process_2021,regulation of histone acetylation (GO:0035065),1/33,0.0929627180014142,0.1535408826006964,0,0,10.726831896551724,25.48219789553526,CHEK1
GO_Biological_Process_2021,positive regulation of telomere maintenance via telomerase (GO:0032212),1/33,0.0929627180014142,0.1535408826006964,0,0,10.726831896551724,25.48219789553526,AURKB
GO_Biological_Process_2021,histone lysine methylation (GO:0034968),1/34,0.0956428956559787,0.1554197054409655,0,0,10.401253918495298,24.41313526094926,EZH2
GO_Biological_Process_2021,positive regulation of protein dephosphorylation (GO:0035307),1/34,0.0956428956559787,0.1554197054409655,0,0,10.401253918495298,24.41313526094926,CDCA2
GO_Biological_Process_2021,neural tube closure (GO:0001843),1/34,0.0956428956559787,0.1554197054409655,0,0,10.401253918495298,24.41313526094926,STIL
GO_Biological_Process_2021,positive regulation of telomerase activity (GO:0051973),1/34,0.0956428956559787,0.1554197054409655,0,0,10.401253918495298,24.41313526094926,AURKB
GO_Biological_Process_2021,regulation of mitotic cell cycle (GO:0007346),2/178,0.0970219877840283,0.1570275545259575,0,0,3.940390749601276,9.19221308060902,BUB1B;DLGAP5
GO_Biological_Process_2021,smoothened signaling pathway (GO:0007224),1/35,0.0983152876195209,0.157852832313414,0,0,10.094827586206897,23.41571720766855,STIL
GO_Biological_Process_2021,positive regulation of cell cycle G1/S phase transition (GO:1902808),1/35,0.0983152876195209,0.157852832313414,0,0,10.094827586206897,23.41571720766855,EZH2
GO_Biological_Process_2021,axonal transport (GO:0098930),1/36,0.1009799161218731,0.1602161661303735,0,0,9.80591133004926,22.483323291836392,KIF4A
GO_Biological_Process_2021,regulation of microtubule-based process (GO:0032886),1/36,0.1009799161218731,0.1602161661303735,0,0,9.80591133004926,22.483323291836392,AURKA
GO_Biological_Process_2021,positive regulation of telomere maintenance via telomere lengthening (GO:1904358),1/36,0.1009799161218731,0.1602161661303735,0,0,9.80591133004926,22.483323291836392,AURKB
GO_Biological_Process_2021,anterograde axonal transport (GO:0008089),1/37,0.1036368033347257,0.1637867911525273,0,0,9.533045977011492,21.61010698803553,KIF4A
GO_Biological_Process_2021,DNA replication initiation (GO:0006270),1/38,0.1062859713503997,0.1673173689617621,0,0,9.27493010251631,20.790887130567647,CDC45
GO_Biological_Process_2021,regulation of exit from mitosis (GO:0007096),1/39,0.1089274422214598,0.1708084016157522,0,0,9.030399274047188,20.02105699331708,BUB1B
GO_Biological_Process_2021,regulation of protein dephosphorylation (GO:0035304),1/41,0.1141873803108633,0.1769653165733167,0,0,8.57801724137931,18.6135639334889,CDCA2
GO_Biological_Process_2021,positive regulation of ATPase activity (GO:0032781),1/42,0.1168058913362338,0.1769653165733167,0,0,8.368376787216148,17.968928187433157,UHRF1
GO_Biological_Process_2021,regulation of DNA recombination (GO:0000018),1/42,0.1168058913362338,0.1769653165733167,0,0,8.368376787216148,17.968928187433157,CHEK1
GO_Biological_Process_2021,positive regulation of epithelial to mesenchymal transition (GO:0010718),1/42,0.1168058913362338,0.1769653165733167,0,0,8.368376787216148,17.968928187433157,EZH2
GO_Biological_Process_2021,translesion synthesis (GO:0019985),1/42,0.1168058913362338,0.1769653165733167,0,0,8.368376787216148,17.968928187433157,DTL
GO_Biological_Process_2021,determination of left/right symmetry (GO:0007368),1/42,0.1168058913362338,0.1769653165733167,0,0,8.368376787216148,17.968928187433157,STIL
GO_Biological_Process_2021,regulation of nervous system development (GO:0051960),1/42,0.1168058913362338,0.1769653165733167,0,0,8.368376787216148,17.968928187433157,KIF14
GO_Biological_Process_2021,regulation of double-strand break repair (GO:2000779),1/42,0.1168058913362338,0.1769653165733167,0,0,8.368376787216148,17.968928187433157,CHEK1
GO_Biological_Process_2021,protein methylation (GO:0006479),1/41,0.1141873803108633,0.1769653165733167,0,0,8.57801724137931,18.6135639334889,EZH2
GO_Biological_Process_2021,DNA synthesis involved in DNA repair (GO:0000731),1/43,0.1194167927286883,0.1789032247942802,0,0,8.16871921182266,17.35963473969882,DTL
GO_Biological_Process_2021,heart looping (GO:0001947),1/43,0.1194167927286883,0.1789032247942802,0,0,8.16871921182266,17.35963473969882,STIL
GO_Biological_Process_2021,regulation of cell migration (GO:0030334),3/408,0.1192286592760306,0.1789032247942802,0,0,2.5841269841269843,5.495694184725011,ARHGEF39;KIF14;GTSE1
GO_Biological_Process_2021,neurogenesis (GO:0022008),1/44,0.1220201062371503,0.1821263067169317,0,0,7.978348035284683,16.783009129494296,WDR62
GO_Biological_Process_2021,organelle organization (GO:0006996),3/420,0.1270048140543315,0.1864117623963059,0,0,2.5082219938335046,5.175792051553298,DIAPH3;KIF4A;CEP55
GO_Biological_Process_2021,postreplication repair (GO:0006301),1/46,0.127204056225767,0.1864117623963059,0,0,7.622988505747126,15.718318266429916,DTL
GO_Biological_Process_2021,positive regulation of nucleocytoplasmic transport (GO:0046824),1/46,0.127204056225767,0.1864117623963059,0,0,7.622988505747126,15.718318266429916,GTSE1
GO_Biological_Process_2021,regulation of DNA metabolic process (GO:0051052),1/46,0.127204056225767,0.1864117623963059,0,0,7.622988505747126,15.718318266429916,TICRR
GO_Biological_Process_2021,regulation of telomerase activity (GO:0051972),1/46,0.127204056225767,0.1864117623963059,0,0,7.622988505747126,15.718318266429916,AURKB
GO_Biological_Process_2021,regulation of protein localization to nucleus (GO:1900180),1/47,0.129784735856175,0.1874668406811416,0,0,7.456896551724138,15.226073606614491,GTSE1
GO_Biological_Process_2021,embryonic heart tube morphogenesis (GO:0003143),1/47,0.129784735856175,0.1874668406811416,0,0,7.456896551724138,15.226073606614491,STIL
GO_Biological_Process_2021,determination of heart left/right asymmetry (GO:0061371),1/47,0.129784735856175,0.1874668406811416,0,0,7.456896551724138,15.226073606614491,STIL
GO_Biological_Process_2021,positive regulation of pathway-restricted SMAD protein phosphorylation (GO:0010862),1/47,0.129784735856175,0.1874668406811416,0,0,7.456896551724138,15.226073606614491,TTK
GO_Biological_Process_2021,organelle assembly (GO:0070925),3/425,0.1302985882040535,0.1875368965936913,0,0,2.477868991198375,5.049715202504892,CENPE;CENPF;DLGAP5
GO_Biological_Process_2021,base-excision repair (GO:0006284),1/48,0.1323579139361117,0.1884814110114948,0,0,7.297872340425532,14.758089912942534,POLQ
GO_Biological_Process_2021,substrate adhesion-dependent cell spreading (GO:0034446),1/48,0.1323579139361117,0.1884814110114948,0,0,7.297872340425532,14.758089912942534,KIF14
GO_Biological_Process_2021,nucleus organization (GO:0006997),1/48,0.1323579139361117,0.1884814110114948,0,0,7.297872340425532,14.758089912942534,CEP55
GO_Biological_Process_2021,cellular response to mechanical stimulus (GO:0071260),1/49,0.1349236118713764,0.1907867213479462,0,0,7.145474137931035,14.31271695339298,CHEK1
GO_Biological_Process_2021,regulation of cellular protein metabolic process (GO:0032268),1/49,0.1349236118713764,0.1907867213479462,0,0,7.145474137931035,14.31271695339298,UHRF1
GO_Biological_Process_2021,positive regulation of cell motility (GO:2000147),2/221,0.1384410411768386,0.1950760125673636,0,0,3.1598173515981736,6.247940784056204,ARHGEF39;GTSE1
GO_Biological_Process_2021,regulation of telomere maintenance via telomerase (GO:0032210),1/52,0.1425760382538463,0.1988171052467131,0,0,6.724137931034483,13.097812581459925,AURKB
GO_Biological_Process_2021,negative regulation of protein-containing complex assembly (GO:0031333),1/52,0.1425760382538463,0.1988171052467131,0,0,6.724137931034483,13.097812581459925,KIF14
GO_Biological_Process_2021,regulation of release of sequestered calcium ion into cytosol (GO:0051279),1/52,0.1425760382538463,0.1988171052467131,0,0,6.724137931034483,13.097812581459925,CLIC2
GO_Biological_Process_2021,regulation of DNA replication (GO:0006275),1/53,0.145112028750085,0.2016556813320147,0,0,6.594496021220159,12.729020819738173,ESCO2
GO_Biological_Process_2021,"negative regulation of transcription, DNA-templated (GO:0045892)",5/948,0.1468845833204599,0.203417481368197,0,0,1.8654019873532068,3.578042751373715,CENPF;UHRF1;DEPDC1;AURKB;EZH2
GO_Biological_Process_2021,apoptotic process (GO:0006915),2/231,0.1485682596994134,0.2050445502015877,0,0,3.020301846318854,5.758842044154331,MELK;CHEK1
GO_Biological_Process_2021,glycosaminoglycan catabolic process (GO:0006027),1/56,0.1526758411244444,0.209994416290618,0,0,6.233855799373041,11.716147287670386,HMMR
GO_Biological_Process_2021,renal system development (GO:0072001),1/57,0.1551824622449854,0.2119950246939971,0,0,6.122229064039409,11.406653602000434,CENPF
GO_Biological_Process_2021,negative regulation of cell cycle G2/M phase transition (GO:1902750),1/57,0.1551824622449854,0.2119950246939971,0,0,6.122229064039409,11.406653602000434,AURKA
GO_Biological_Process_2021,regulation of pathway-restricted SMAD protein phosphorylation (GO:0060393),1/58,0.1576817934298111,0.2125276346227889,0,0,6.014519056261343,11.109876709857849,TTK
GO_Biological_Process_2021,chordate embryonic development (GO:0043009),1/58,0.1576817934298111,0.2125276346227889,0,0,6.014519056261343,11.109876709857849,STIL
GO_Biological_Process_2021,positive regulation of mitochondrion organization (GO:0010822),1/58,0.1576817934298111,0.2125276346227889,0,0,6.014519056261343,11.109876709857849,AURKA
GO_Biological_Process_2021,negative regulation of nucleic acid-templated transcription (GO:1903507),3/464,0.1569911362565624,0.2125276346227889,0,0,2.2637124264022312,4.19141280900641,CENPF;DEPDC1;EZH2
GO_Biological_Process_2021,peptidyl-threonine phosphorylation (GO:0018107),1/60,0.1626586692032377,0.2177788826873914,0,0,5.810052600818235,10.551644242584764,CHEK1
GO_Biological_Process_2021,Notch signaling pathway (GO:0007219),1/60,0.1626586692032377,0.2177788826873914,0,0,5.810052600818235,10.551644242584764,DLGAP5
GO_Biological_Process_2021,response to light stimulus (GO:0009416),1/61,0.1651362552868847,0.2196366695729852,0,0,5.712931034482758,10.288899421385596,DTL
GO_Biological_Process_2021,positive regulation of DNA biosynthetic process (GO:2000573),1/61,0.1651362552868847,0.2196366695729852,0,0,5.712931034482758,10.288899421385596,AURKB
GO_Biological_Process_2021,double-strand break repair via nonhomologous end joining (GO:0006303),1/62,0.1676066344066236,0.2221890581114123,0,0,5.618993781797625,10.036284307014345,POLQ
GO_Biological_Process_2021,protein autoubiquitination (GO:0051865),1/65,0.1749747357749802,0.2306890634959211,0,0,5.3547952586206895,9.33401688218426,UHRF1
GO_Biological_Process_2021,regulation of apoptotic process (GO:0042981),4/742,0.1751634080142726,0.2306890634959211,0,0,1.892387287509239,3.2966067441843254,TOP2A;STIL;MELK;KIF14
GO_Biological_Process_2021,positive regulation of cell cycle (GO:0045787),1/66,0.1774164924735828,0.2321391119053697,0,0,5.272148541114058,9.11689052087105,CHEK1
GO_Biological_Process_2021,embryonic organ development (GO:0048568),1/66,0.1774164924735828,0.2321391119053697,0,0,5.272148541114058,9.11689052087105,STIL
GO_Biological_Process_2021,positive regulation of catabolic process (GO:0009896),1/67,0.1798511446863888,0.2338064880923054,0,0,5.1920062695924765,8.90753962009855,DTL
GO_Biological_Process_2021,peptidyl-threonine modification (GO:0018210),1/67,0.1798511446863888,0.2338064880923054,0,0,5.1920062695924765,8.90753962009855,CHEK1
GO_Biological_Process_2021,positive regulation of protein localization to nucleus (GO:1900182),1/68,0.1822787126862081,0.2362003897509384,0,0,5.11425630468348,8.705581055775474,GTSE1
GO_Biological_Process_2021,cellular protein modification process (GO:0006464),5/1025,0.1840367736558697,0.237714165972165,0,0,1.7175925925925926,2.907231032201929,MELK;CHEK1;DTL;AURKB;AURKA
GO_Biological_Process_2021,positive regulation of MAP kinase activity (GO:0043406),1/69,0.184699216707237,0.237807617677369,0,0,5.038793103448276,8.510655748278333,EZH2
GO_Biological_Process_2021,cellular response to light stimulus (GO:0071482),1/70,0.1871126769937032,0.2393854248522615,0,0,4.965517241379311,8.322426833312653,AURKB
GO_Biological_Process_2021,kidney development (GO:0001822),1/70,0.1871126769937032,0.2393854248522615,0,0,4.965517241379311,8.322426833312653,CENPF
GO_Biological_Process_2021,regulation of G1/S transition of mitotic cell cycle (GO:2000045),1/71,0.1895191136868357,0.2394238332783536,0,0,4.894334975369458,8.140577999805998,KIF14
GO_Biological_Process_2021,negative regulation of neuron apoptotic process (GO:0043524),1/71,0.1895191136868357,0.2394238332783536,0,0,4.894334975369458,8.140577999805998,KIF14
GO_Biological_Process_2021,positive regulation of cellular protein localization (GO:1903829),1/71,0.1895191136868357,0.2394238332783536,0,0,4.894334975369458,8.140577999805998,GTSE1
GO_Biological_Process_2021,positive regulation of cell migration (GO:0030335),2/269,0.1882628304701419,0.2394238332783536,0,0,2.585452395032525,4.317488988948383,ARHGEF39;GTSE1
GO_Biological_Process_2021,response to ionizing radiation (GO:0010212),1/72,0.1919185468550104,0.2401961937346869,0,0,4.825157843613405,7.964811969835143,TICRR
GO_Biological_Process_2021,cell morphogenesis involved in differentiation (GO:0000904),1/72,0.1919185468550104,0.2401961937346869,0,0,4.825157843613405,7.964811969835143,KIF14
GO_Biological_Process_2021,negative regulation of supramolecular fiber organization (GO:1902904),1/72,0.1919185468550104,0.2401961937346869,0,0,4.825157843613405,7.964811969835143,TPX2
GO_Biological_Process_2021,regulation of actin filament-based process (GO:0032970),1/73,0.1943109965435507,0.2424375591549565,0,0,4.757902298850575,7.794849109690837,IQGAP3
GO_Biological_Process_2021,fibroblast growth factor receptor signaling pathway (GO:0008543),1/75,0.1990750252869324,0.2476149234278819,0,0,4.628844361602982,7.4712950836422065,SHCBP1
GO_Biological_Process_2021,regulation of epithelial to mesenchymal transition (GO:0010717),1/76,0.2014466441390773,0.2497938387324559,0,0,4.566896551724138,7.317221977698906,EZH2
GO_Biological_Process_2021,regulation of organelle assembly (GO:1902115),1/77,0.2038113590790191,0.2519508518676218,0,0,4.506578947368421,7.167986118356309,STIL
GO_Biological_Process_2021,positive regulation of programmed cell death (GO:0043068),2/286,0.2064844953352133,0.2544747755966085,0,0,2.428589078329627,3.831172013433712,TOP2A;MELK
GO_Biological_Process_2021,recombinational repair (GO:0000725),1/79,0.2085201561366568,0.2562000698874168,0,0,4.390583554376658,6.883203763222516,POLQ
GO_Biological_Process_2021,"regulation of gene expression, epigenetic (GO:0040029)",1/82,0.215532064303904,0.264010400955846,0,0,4.227330779054917,6.48745453853359,EZH2
GO_Biological_Process_2021,negative regulation of cellular macromolecule biosynthetic process (GO:2000113),3/547,0.218594832822968,0.2669506594777458,0,0,1.91015625,2.904460085164133,CENPF;DEPDC1;EZH2
GO_Biological_Process_2021,positive regulation of protein catabolic process (GO:0045732),1/85,0.2224828960265461,0.2700620695743918,0,0,4.0757389162561575,6.125448608369316,DTL
GO_Biological_Process_2021,G1/S transition of mitotic cell cycle (GO:0000082),1/85,0.2224828960265461,0.2700620695743918,0,0,4.0757389162561575,6.125448608369316,CDC45
GO_Biological_Process_2021,regulation of Ras protein signal transduction (GO:0046578),1/86,0.2247863578796311,0.2712242581601538,0,0,4.027586206896552,6.011594699734063,KIF14
GO_Biological_Process_2021,regulation of neuron death (GO:1901214),1/86,0.2247863578796311,0.2712242581601538,0,0,4.027586206896552,6.011594699734063,KIF14
GO_Biological_Process_2021,regulation of transcription from RNA polymerase II promoter in response to stress (GO:0043618),1/87,0.2270831108461667,0.2731775930477766,0,0,3.980553327987169,5.900928296803855,CHEK1
GO_Biological_Process_2021,cellular amino acid catabolic process (GO:0009063),1/90,0.2339333082398478,0.2772797741784079,0,0,3.845796203022085,5.586862028677747,ARHGAP11B
GO_Biological_Process_2021,positive regulation of binding (GO:0051099),1/90,0.2339333082398478,0.2772797741784079,0,0,3.845796203022085,5.586862028677747,CLIC2
GO_Biological_Process_2021,protein complex oligomerization (GO:0051259),1/90,0.2339333082398478,0.2772797741784079,0,0,3.845796203022085,5.586862028677747,POLQ
GO_Biological_Process_2021,SCF-dependent proteasomal ubiquitin-dependent protein catabolic process (GO:0031146),1/89,0.231656566910395,0.2772797741784079,0,0,3.8896943573667713,5.688675349179462,KIF14
GO_Biological_Process_2021,positive regulation of apoptotic process (GO:0043065),2/310,0.232517566200307,0.2772797741784079,0,0,2.2366142629300523,3.2627494096018235,TOP2A;MELK
GO_Biological_Process_2021,regulation of actin cytoskeleton organization (GO:0032956),1/91,0.2362034172060933,0.2791494930617466,0,0,3.802873563218391,5.487781979629839,IQGAP3
GO_Biological_Process_2021,positive regulation of transmembrane receptor protein serine/threonine kinase signaling pathway (GO:0090100),1/92,0.2384669127460196,0.2793667611530405,0,0,3.7608942781356576,5.391334875277045,TTK
GO_Biological_Process_2021,cellular response to fibroblast growth factor stimulus (GO:0044344),1/92,0.2384669127460196,0.2793667611530405,0,0,3.7608942781356576,5.391334875277045,SHCBP1
GO_Biological_Process_2021,negative regulation of mitotic cell cycle phase transition (GO:1901991),1/92,0.2384669127460196,0.2793667611530405,0,0,3.7608942781356576,5.391334875277045,AURKA
GO_Biological_Process_2021,regulation of epithelial cell proliferation (GO:0050678),1/93,0.240723813810179,0.2811933245376874,0,0,3.719827586206896,5.29742507745191,UHRF1
GO_Biological_Process_2021,hemopoiesis (GO:0030097),1/94,0.2429741392807045,0.2830016708963119,0,0,3.6796440489432714,5.20596137193734,MELK
GO_Biological_Process_2021,negative regulation of gene expression (GO:0010629),2/322,0.2456226281832826,0.2852620148641581,0,0,2.1514254385964917,3.020513005490481,AURKA;EZH2
GO_Biological_Process_2021,regulation of MAP kinase activity (GO:0043405),1/97,0.2496858502762538,0.28914769442911,0,0,3.5641163793103448,4.945395920018925,EZH2
GO_Biological_Process_2021,negative regulation of neuron death (GO:1901215),1/98,0.2519100611723781,0.2900564418641954,0,0,3.527195165303946,4.862884559804865,KIF14
GO_Biological_Process_2021,regulation of neuron apoptotic process (GO:0043523),1/98,0.2519100611723781,0.2900564418641954,0,0,3.527195165303946,4.862884559804865,KIF14
GO_Biological_Process_2021,positive regulation of cellular protein metabolic process (GO:0032270),1/102,0.2607422704872568,0.2985202699044445,0,0,3.3868214407647663,4.5526426981721455,UHRF1
GO_Biological_Process_2021,regulation of protein catabolic process (GO:0042176),1/102,0.2607422704872568,0.2985202699044445,0,0,3.3868214407647663,4.5526426981721455,DTL
GO_Biological_Process_2021,positive regulation of cellular metabolic process (GO:0031325),1/105,0.2672990783728057,0.3042981033453127,0,0,3.288627320954907,4.33897247632884,UHRF1
GO_Biological_Process_2021,nucleotide-excision repair (GO:0006289),1/105,0.2672990783728057,0.3042981033453127,0,0,3.288627320954907,4.33897247632884,BRIP1
GO_Biological_Process_2021,positive regulation of protein serine/threonine kinase activity (GO:0071902),1/106,0.2694719504191045,0.3059075944194341,0,0,3.257142857142857,4.271062030014721,EZH2
GO_Biological_Process_2021,post-translational protein modification (GO:0043687),2/345,0.2708179166342139,0.3065719674258096,0,0,2.004807938212879,2.6188978074578224,ESCO2;DTL
GO_Biological_Process_2021,supramolecular fiber organization (GO:0097435),2/351,0.2773952625232989,0.3130570088546203,0,0,1.9697380988287336,2.5258185043223,KIF18B;KIF14
GO_Biological_Process_2021,regulation of protein kinase activity (GO:0045859),1/110,0.2781002708931863,0.3130570088546203,0,0,3.1369819677317303,4.01462652923265,CENPE
GO_Biological_Process_2021,regulation of protein serine/threonine kinase activity (GO:0071900),1/111,0.280241649468216,0.3145888154197522,0,0,3.108307210031348,3.9540869709323303,EZH2
GO_Biological_Process_2021,regulation of cytoskeleton organization (GO:0051493),1/112,0.282376783344779,0.3161051213554054,0,0,3.0801491146318734,3.894888562568033,IQGAP3
GO_Biological_Process_2021,positive regulation of kinase activity (GO:0033674),1/114,0.2866283887292272,0.3199757358944004,0,0,3.0253280439426304,3.780355276344188,CENPE
GO_Biological_Process_2021,cytoskeleton organization (GO:0007010),1/120,0.2992351841216251,0.3322743278054522,0,0,2.87192118226601,3.465045984753357,DIAPH3
GO_Biological_Process_2021,positive regulation of protein phosphorylation (GO:0001934),2/371,0.2992942456411393,0.3322743278054522,0,0,1.861075452859792,2.2450675970741045,CENPE;TTK
GO_Biological_Process_2021,protein homooligomerization (GO:0051260),1/121,0.3013149155359367,0.3335986564862157,0,0,2.847844827586207,3.416272747501108,POLQ
GO_Biological_Process_2021,epithelium development (GO:0060429),1/122,0.3033885789413175,0.3349742392146602,0,0,2.824166429182103,3.36849868520273,STIL
GO_Biological_Process_2021,negative regulation of programmed cell death (GO:0043069),2/381,0.3102136808141627,0.341574080240731,0,0,1.811044762301532,2.119816894001292,STIL;KIF14
GO_Biological_Process_2021,DNA-dependent DNA replication (GO:0006261),1/129,0.317735776387803,0.3489033184857891,0,0,2.6687769396551726,3.059846524645653,CDC45
GO_Biological_Process_2021,regulation of cell adhesion (GO:0030155),1/133,0.3258033347637175,0.3558231542270411,0,0,2.5873824451410656,2.9016494027801927,KIF14
GO_Biological_Process_2021,regulation of cell motility (GO:2000145),1/133,0.3258033347637175,0.3558231542270411,0,0,2.5873824451410656,2.9016494027801927,KIF14
GO_Biological_Process_2021,negative regulation of transcription by RNA polymerase II (GO:0000122),3/684,0.3281911469537366,0.3574622492496104,0,0,1.5151038388923852,1.6880666920280312,UHRF1;AURKB;EZH2
GO_Biological_Process_2021,organic substance transport (GO:0071702),1/136,0.3317923895060677,0.3604106009998525,0,0,2.529501915708812,2.790662461934983,CENPF
GO_Biological_Process_2021,chromatin organization (GO:0006325),1/142,0.3436140225959196,0.3722485244789129,0,0,2.421129860601614,2.5863387529987945,EZH2
GO_Biological_Process_2021,nitrogen compound transport (GO:0071705),1/143,0.3455642043097814,0.3733575719486378,0,0,2.40395823215153,2.5543903007256983,CENPF
GO_Biological_Process_2021,positive regulation of intracellular protein transport (GO:0090316),1/148,0.3552299952825363,0.381753834930299,0,0,2.321604503870513,2.4028370397633143,GTSE1
GO_Biological_Process_2021,positive regulation of transferase activity (GO:0051347),1/148,0.3552299952825363,0.381753834930299,0,0,2.321604503870513,2.4028370397633143,AURKB
GO_Biological_Process_2021,brain development (GO:0007420),1/150,0.3590568934368993,0.3848402341890171,0,0,2.2902105993982875,2.3458041459955647,CENPF
GO_Biological_Process_2021,nervous system development (GO:0007399),2/447,0.3811905335375923,0.4074795358505296,0,0,1.5372363493002168,1.4825967295464164,STIL;WDR62
GO_Biological_Process_2021,regulation of cellular macromolecule biosynthetic process (GO:2000112),2/468,0.4031960061992005,0.4298624087256026,0,0,1.4663805436337625,1.3319610575426375,ESCO2;EZH2
GO_Biological_Process_2021,positive regulation of developmental process (GO:0051094),1/177,0.4085857594383789,0.4344592639938435,0,0,1.9362264890282133,1.7330261976117654,AURKA
GO_Biological_Process_2021,regulation of immune response (GO:0050776),1/179,0.4121011026865712,0.435896966883696,0,0,1.9142774118558696,1.6969812070380053,CLEC2B
GO_Biological_Process_2021,protein stabilization (GO:0050821),1/179,0.4121011026865712,0.435896966883696,0,0,1.9142774118558696,1.6969812070380053,GTSE1
GO_Biological_Process_2021,negative regulation of apoptotic process (GO:0043066),2/485,0.4207490068996967,0.4438791879072716,0,0,1.413533834586466,1.2237228238350046,STIL;KIF14
GO_Biological_Process_2021,negative regulation of macromolecule metabolic process (GO:0010605),1/194,0.4378194538185687,0.4606820884827237,0,0,1.7641593710916563,1.4571050676614798,AURKA
GO_Biological_Process_2021,proteasomal protein catabolic process (GO:0010498),1/205,0.455973438934053,0.4785346247146442,0,0,1.668103448275862,1.3099961995596572,KIF14
GO_Biological_Process_2021,protein ubiquitination (GO:0016567),2/525,0.4610141110742765,0.4825680175660609,0,0,1.302740599107712,1.0087467336352214,UHRF1;DTL
GO_Biological_Process_2021,positive regulation of protein modification process (GO:0031401),1/214,0.4703969952650396,0.4911139613777486,0,0,1.5968916949975716,1.2043410159664607,CDCA2
GO_Biological_Process_2021,regulation of cell growth (GO:0001558),1/217,0.4751207895035232,0.4947640262788627,0,0,1.5744731800766285,1.1717012342692557,KIF14
GO_Biological_Process_2021,positive regulation of transcription by RNA polymerase II (GO:0045944),3/908,0.5052377839838952,0.5247701725399736,0,0,1.126835043409629,0.769319695828745,UHRF1;ATAD2;DLGAP5
GO_Biological_Process_2021,membrane organization (GO:0061024),1/242,0.5129082190100982,0.5313676407739577,0,0,1.409357561882959,0.9409693586027824,CEP55
GO_Biological_Process_2021,positive regulation of cell differentiation (GO:0045597),1/258,0.5356749278403993,0.5535307587684126,0,0,1.320542063598551,0.8243190404968023,EZH2
GO_Biological_Process_2021,negative regulation of signal transduction (GO:0009968),1/267,0.5480180461020496,0.5648370142688645,0,0,1.2752787140264454,0.7670126354420657,EZH2
GO_Biological_Process_2021,positive regulation of MAPK cascade (GO:0043410),1/274,0.5573947186839845,0.5730358970144025,0,0,1.242137173171656,0.7260063707031712,EZH2
GO_Biological_Process_2021,protein polyubiquitination (GO:0000209),1/314,0.6074195029582623,0.6228754699546557,0,0,1.0811942271675663,0.5390138321817682,DTL
GO_Biological_Process_2021,positive regulation of multicellular organismal process (GO:0051240),1/345,0.6423257436591022,0.6569981591233963,0,0,0.9822072975140336,0.4347836024801038,EZH2
GO_Biological_Process_2021,"regulation of transcription, DNA-templated (GO:0006355)",6/2244,0.6621629692753794,0.6755738648556403,0,0,0.8954929434973949,0.3691612134790318,CENPF;BRIP1;CDC45;ATAD2;DEPDC1;EZH2
GO_Biological_Process_2021,protein transport (GO:0015031),1/369,0.667237322533468,0.6790319216691607,0,0,0.9170258620689656,0.3710373667841007,CENPF
GO_Biological_Process_2021,"positive regulation of transcription, DNA-templated (GO:0045893)",3/1183,0.686104197211371,0.6964735301667065,0,0,0.8517403147699758,0.3208725274649818,UHRF1;CHEK1;ATAD2
GO_Biological_Process_2021,transmembrane receptor protein tyrosine kinase signaling pathway (GO:0007169),1/404,0.7005374478250208,0.7093381695313653,0,0,0.8358860272097202,0.2974980693881738,SHCBP1
GO_Biological_Process_2021,protein modification by small protein conjugation (GO:0032446),1/409,0.7050189539933391,0.7120868131812423,0,0,0.8254310344827587,0.2885133976710105,UHRF1
GO_Biological_Process_2021,regulation of nucleic acid-templated transcription (GO:1903506),1/430,0.7231321646266957,0.728555655861396,0,0,0.7841813359054738,0.2542027886418297,EZH2
GO_Biological_Process_2021,positive regulation of nucleic acid-templated transcription (GO:1903508),1/511,0.7833093921979162,0.7872161722088783,0,0,0.656896551724138,0.1604322184375812,ATAD2
GO_Biological_Process_2021,regulation of transcription by RNA polymerase II (GO:0006357),5/2206,0.7937934722963262,0.7957680829239291,0,0,0.7462937721910916,0.1723430850610833,BRIP1;UHRF1;ATAD2;AURKB;EZH2
GO_Biological_Process_2021,regulation of gene expression (GO:0010468),2/1079,0.8348867652901395,0.8348867652901395,0,0,0.6145726433074329,0.1109052714256388,AURKA;EZH2
